{"SEK|2016": 0.10919127101531909, "HRK|2016": 0.1310237929935581, "DKK|2016": 0.13419606160865488, "BGN|2016": 0.512046956861136, "GBP|2016": 1.3571345417892833, "CZK|2016": 0.0370698298780991, "LTL|2016": 0.2962000840716404, "PLN|2016": 0.23441005323191594, "GBP|2017": 1.1728008278771325, "CZK|2017": 0.03699579986360396, "PLN|2017": 0.2269930937394312, "SEK|2017": 0.10435818288485496, "BGN|2017": 0.5112993620285876, "DKK|2017": 0.1344315986510879, "HRK|2017": 0.1323586470252115, "DKK|2020": 0.13384930038111884, "BGN|2010": 0.5135734541302986, "HRK|2010": 0.1372081522839623, "CZK|2010": 0.03791335575336573, "DKK|2010": 0.13459503043890436, "PLN|2010": 0.24472230411770488, "RON|2010": 0.23632290263267156, "SEK|2010": 0.09767301777858403, "GBP|2010": 1.1278323067367169, "BGN|2011": 0.5108445917095082, "HRK|2011": 0.13482231159457528, "CZK|2011": 0.03989465160499548, "DKK|2011": 0.134156233443214, "PLN|2011": 0.2513521671987936, "RON|2011": 0.23292352769482222, "SEK|2011": 0.11143100052829193, "GBP|2011": 1.1640740786868093, "BGN|2012": 0.5101972209031305, "HRK|2012": 0.13248306882762317, "CZK|2012": 0.038943858983306774, "DKK|2012": 0.13453601442604265, "PLN|2012": 0.2240935915447809, "RON|2012": 0.2310683776151275, "SEK|2012": 0.11217364055074694, "GBP|2012": 1.1987647423960273, "BGN|2013": 0.5107423232019341, "HRK|2013": 0.13214956676908385, "CZK|2013": 0.039748599891225145, "DKK|2013": 0.13377227271980405, "PLN|2013": 0.24503308900747217, "RON|2013": 0.22470325537666003, "SEK|2013": 0.11622620354782562, "GBP|2013": 1.2298456260720414, "BGN|2014": 0.511683348114363, "HRK|2014": 0.1312634474031841, "CZK|2014": 0.03656805948121443, "DKK|2014": 0.13410797055918583, "PLN|2014": 0.24088763090332407, "RON|2014": 0.22352059644110517, "SEK|2014": 0.11299766363093607, "GBP|2014": 1.2042849191255889, "BGN|2015": 0.5129901950182264, "HRK|2015": 0.1305943194567761, "CZK|2015": 0.03612867651218881, "DKK|2015": 0.13446277718792288, "PLN|2015": 0.23272355900235261, "RON|2015": 0.22309530080138454, "SEK|2015": 0.1060185082307759, "GBP|2015": 1.2888502131649957, "RON|2016": 0.22126071574265782, "RON|2017": 0.22021411280224826, "BGN|2018": 0.5109268759665186, "HRK|2018": 0.13443985144518006, "CZK|2018": 0.03913489096829461, "DKK|2018": 0.13432836302503653, "PLN|2018": 0.23938711727175754, "RON|2018": 0.21416997706238533, "SEK|2018": 0.10175969251091803, "GBP|2018": 1.1248304484806564, "BGN|2019": 0.5134566041289047, "HRK|2019": 0.13500541577693187, "CZK|2019": 0.03885435830207158, "DKK|2019": 0.13394317218137594, "PLN|2019": 0.23320645985577051, "RON|2019": 0.2149778784829439, "SEK|2019": 0.09839547948689177, "GBP|2019": 1.1127682803022187, "BGN|2020": 0.5111195340593252, "HRK|2020": 0.1342584057232302, "CZK|2020": 0.039339046051480316, "PLN|2020": 0.23498886150033615, "RON|2020": 0.2090018605861726, "SEK|2020": 0.09536620931226081, "GBP|2020": 1.181214492918793, "BGN|2021": 0.5137864317779282, "HRK|2021": 0.13313282842994464, "CZK|2021": 0.03831734039192274, "DKK|2021": 0.1350228955013212, "PLN|2021": 0.21916126987002402, "RON|2021": 0.20654289372599233, "SEK|2021": 0.09948629205167554, "GBP|2021": 1.1248800164080126}