{
  "BGN|2010": 0.5135734541302986,
  "BGN|2011": 0.5108445917095082,
  "BGN|2012": 0.5101972209031305,
  "BGN|2013": 0.5107423232019341,
  "BGN|2014": 0.511683348114363,
  "BGN|2015": 0.5129901950182264,
  "BGN|2016": 0.512046956861136,
  "BGN|2017": 0.5112993620285876,
  "BGN|2018": 0.5109268759665186,
  "BGN|2019": 0.5134566041289047,
  "BGN|2020": 0.5111195340593252,
  "BGN|2021": 0.5137864317779282,
  "BGN|2022": 0.515,
  "CZK|2010": 0.03791335575336573,
  "CZK|2011": 0.03989465160499548,
  "CZK|2012": 0.038943858983306774,
  "CZK|2013": 0.039748599891225145,
  "CZK|2014": 0.03656805948121443,
  "CZK|2015": 0.03612867651218881,
  "CZK|2016": 0.0370698298780991,
  "CZK|2017": 0.03699579986360396,
  "CZK|2018": 0.03913489096829461,
  "CZK|2019": 0.03885435830207158,
  "CZK|2020": 0.039339046051480316,
  "CZK|2021": 0.03831734039192274,
  "CZK|2022": 0.04,
  "DKK|2010": 0.13459503043890436,
  "DKK|2011": 0.134156233443214,
  "DKK|2012": 0.13453601442604265,
  "DKK|2013": 0.13377227271980405,
  "DKK|2014": 0.13410797055918583,
  "DKK|2015": 0.13446277718792288,
  "DKK|2016": 0.13419606160865488,
  "DKK|2017": 0.1344315986510879,
  "DKK|2018": 0.13432836302503653,
  "DKK|2019": 0.13394317218137594,
  "DKK|2020": 0.13384930038111884,
  "DKK|2021": 0.1350228955013212,
  "DKK|2022": 0.13,
  "GBP|2010": 1.1278323067367169,
  "GBP|2011": 1.1640740786868093,
  "GBP|2012": 1.1987647423960273,
  "GBP|2013": 1.2298456260720414,
  "GBP|2014": 1.2042849191255889,
  "GBP|2015": 1.2888502131649957,
  "GBP|2016": 1.3571345417892833,
  "GBP|2017": 1.1728008278771325,
  "GBP|2018": 1.1248304484806564,
  "GBP|2019": 1.1127682803022187,
  "GBP|2020": 1.181214492918793,
  "GBP|2021": 1.1248800164080126,
  "GBP|2022": 1.16,
  "HRK|2010": 0.1372081522839623,
  "HRK|2011": 0.13482231159457528,
  "HRK|2012": 0.13248306882762317,
  "HRK|2013": 0.13214956676908385,
  "HRK|2014": 0.1312634474031841,
  "HRK|2015": 0.1305943194567761,
  "HRK|2016": 0.1310237929935581,
  "HRK|2017": 0.1323586470252115,
  "HRK|2018": 0.13443985144518006,
  "HRK|2019": 0.13500541577693187,
  "HRK|2020": 0.1342584057232302,
  "HRK|2021": 0.13313282842994464,
  "HRK|2022": 0.133,
  "HUF|2014": 0.00337,
  "HUF|2015": 0.00318,
  "HUF|2019": 0.00316,
  "HUF|2020": 0.00302,
  "HUF|2021": 0.00274,
  "HUF|2022": 0.0025,
  "LTL|2015": 0.290,
  "LTL|2016": 0.2962000840716404,
  "PLN|2010": 0.24472230411770488,
  "PLN|2011": 0.2513521671987936,
  "PLN|2012": 0.2240935915447809,
  "PLN|2013": 0.24503308900747217,
  "PLN|2014": 0.24088763090332407,
  "PLN|2015": 0.23272355900235261,
  "PLN|2016": 0.23441005323191594,
  "PLN|2017": 0.2269930937394312,
  "PLN|2018": 0.23938711727175754,
  "PLN|2019": 0.23320645985577051,
  "PLN|2020": 0.23498886150033615,
  "PLN|2021": 0.21916126987002402,
  "PLN|2022": 0.212,
  "RON|2010": 0.23632290263267156,
  "RON|2011": 0.23292352769482222,
  "RON|2012": 0.2310683776151275,
  "RON|2013": 0.22470325537666003,
  "RON|2014": 0.22352059644110517,
  "RON|2015": 0.22309530080138454,
  "RON|2016": 0.22126071574265782,
  "RON|2017": 0.22021411280224826,
  "RON|2018": 0.21416997706238533,
  "RON|2019": 0.2149778784829439,
  "RON|2020": 0.2090018605861726,
  "RON|2021": 0.20654289372599233,
  "RON|2022": 0.202,
  "SEK|2010": 0.09767301777858403,
  "SEK|2011": 0.11143100052829193,
  "SEK|2012": 0.11217364055074694,
  "SEK|2013": 0.11622620354782562,
  "SEK|2014": 0.11299766363093607,
  "SEK|2015": 0.1060185082307759,
  "SEK|2016": 0.10919127101531909,
  "SEK|2017": 0.10435818288485496,
  "SEK|2018": 0.10175969251091803,
  "SEK|2019": 0.09839547948689177,
  "SEK|2020": 0.09536620931226081,
  "SEK|2021": 0.09948629205167554,
  "SEK|2022": 0.0923
}
